[
 {
  "allow_in_quick_entry": 0,
  "allow_on_submit": 1,
  "bold": 0,
  "collapsible": 0,
  "collapsible_depends_on": null,
  "columns": 0,
  "default": null,
  "depends_on": null,
  "description": null,
  "docstatus": 0,
  "doctype": "Custom Field",
  "dt": "Sales Invoice",
  "fetch_from": null,
  "fetch_if_empty": 0,
  "fieldname": "custom_zatca_tax_category",
  "fieldtype": "Select",
  "hidden": 0,
  "hide_border": 0,
  "hide_days": 0,
  "hide_seconds": 0,
  "ignore_user_permissions": 0,
  "ignore_xss_filter": 0,
  "in_global_search": 0,
  "in_list_view": 0,
  "in_preview": 0,
  "in_standard_filter": 0,
  "insert_after": "due_date",
  "is_system_generated": 0,
  "is_virtual": 0,
  "label": "Zatca Tax Category",
  "length": 0,
  "link_filters": null,
  "mandatory_depends_on": null,
  "modified": "2024-10-08 11:41:04.306926",
  "module": "Myinvois Erpgulf",
  "name": "Sales Invoice-custom_zatca_tax_category",
  "no_copy": 0,
  "non_negative": 0,
  "options": "01\n02\n03\n04\n05\n06\nE",
  "permlevel": 0,
  "precision": "",
  "print_hide": 0,
  "print_hide_if_no_value": 0,
  "print_width": null,
  "read_only": 0,
  "read_only_depends_on": null,
  "report_hide": 0,
  "reqd": 0,
  "search_index": 0,
  "show_dashboard": 0,
  "sort_options": 0,
  "translatable": 1,
  "unique": 0,
  "width": null
 },
 {
  "allow_in_quick_entry": 0,
  "allow_on_submit": 0,
  "bold": 0,
  "collapsible": 0,
  "collapsible_depends_on": null,
  "columns": 0,
  "default": null,
  "depends_on": null,
  "description": null,
  "docstatus": 0,
  "doctype": "Custom Field",
  "dt": "Sales Invoice",
  "fetch_from": null,
  "fetch_if_empty": 0,
  "fieldname": "custom_exemption_code",
  "fieldtype": "Select",
  "hidden": 0,
  "hide_border": 0,
  "hide_days": 0,
  "hide_seconds": 0,
  "ignore_user_permissions": 0,
  "ignore_xss_filter": 0,
  "in_global_search": 0,
  "in_list_view": 0,
  "in_preview": 0,
  "in_standard_filter": 0,
  "insert_after": "custom_zatca_tax_category",
  "is_system_generated": 0,
  "is_virtual": 0,
  "label": "Exemption Code",
  "length": 0,
  "link_filters": null,
  "mandatory_depends_on": null,
  "modified": "2024-10-08 11:40:46.442913",
  "module": "Myinvois Erpgulf",
  "name": "Sales Invoice-custom_exemption_code",
  "no_copy": 0,
  "non_negative": 0,
  "options": "Sovereign Status\nGovernment Regulations\nDifferent Legislative Mandates\nInternational Agreements\nOperational Efficiency\nAvoidance of Multiple Reporting\n",
  "permlevel": 0,
  "precision": "",
  "print_hide": 0,
  "print_hide_if_no_value": 0,
  "print_width": null,
  "read_only": 0,
  "read_only_depends_on": null,
  "report_hide": 0,
  "reqd": 0,
  "search_index": 0,
  "show_dashboard": 0,
  "sort_options": 0,
  "translatable": 1,
  "unique": 0,
  "width": null
 },
 {
  "allow_in_quick_entry": 0,
  "allow_on_submit": 0,
  "bold": 0,
  "collapsible": 0,
  "collapsible_depends_on": null,
  "columns": 0,
  "default": null,
  "depends_on": null,
  "description": null,
  "docstatus": 0,
  "doctype": "Custom Field",
  "dt": "Sales Invoice",
  "fetch_from": null,
  "fetch_if_empty": 0,
  "fieldname": "custom_item_classification_code_",
  "fieldtype": "Select",
  "hidden": 0,
  "hide_border": 0,
  "hide_days": 0,
  "hide_seconds": 0,
  "ignore_user_permissions": 0,
  "ignore_xss_filter": 0,
  "in_global_search": 0,
  "in_list_view": 0,
  "in_preview": 0,
  "in_standard_filter": 0,
  "insert_after": "custom_exemption_code",
  "is_system_generated": 0,
  "is_virtual": 0,
  "label": "Item Classification Code ",
  "length": 0,
  "link_filters": null,
  "mandatory_depends_on": null,
  "modified": "2024-10-08 11:40:55.270785",
  "module": "Myinvois Erpgulf",
  "name": "Sales Invoice-custom_item_classification_code_",
  "no_copy": 0,
  "non_negative": 0,
  "options": "001\n002\n003\n004\n005\n006\n007\n008\n009\n010\n011\n012\n013\n014\n015\n016\n017\n018\n019\n020\n021\n022\n023\n024\n025\n026\n027\n028\n029\n030\n031\n032\n033\n034\n035\n036\n037\n038\n039\n040\n041\n042\n043\n044\n045\n",
  "permlevel": 0,
  "precision": "",
  "print_hide": 0,
  "print_hide_if_no_value": 0,
  "print_width": null,
  "read_only": 0,
  "read_only_depends_on": null,
  "report_hide": 0,
  "reqd": 0,
  "search_index": 0,
  "show_dashboard": 0,
  "sort_options": 0,
  "translatable": 1,
  "unique": 0,
  "width": null
 }
]